Platform,,difficulty_of_round
Abernathy Inc,,Easy
Abshire LLC,,"Easy, Medium"
GFG,,Hard
"Conroy, Dibbert and Gerlach",,Hard
"Crona, Kiehn and Cruickshank",,"Easy, Medium, Hard"
"Crooks, Heaney and Zieme",,"Hard, Medium"
Davis-Baumbach,,"Easy, Medium, Hard"
Feil Group,,Medium
CSES,,Medium
Goldner Group,,"Easy, Medium"
Codechef,,"Easy, Medium, Hard"
Heathcote LLC,,"Hard, Medium"
Heidenreich-Welch,,"Easy, Medium, Hard"
Hermann Inc,,"Easy, Medium"
"Hickle, Kovacek and Fay",,"Easy, Medium, Hard"
Hickle-Hermiston,,"Easy, Medium"
Codeforces,,"Easy, Medium, Hard"
Jacobs-DuBuque,,"Easy, Medium, Hard"
"Kessler, Bradtke and Mertz",,Hard
"Kub, Quitzon and Windler",,"Easy, Medium, Hard"
Leannon-Lubowitz,,Hard
Codenation,,"Hard, Medium"
Lesch and Sons,,Easy
Macejkovic LLC,,"Easy, Medium"
Marquardt-Nolan,,"Hard, Medium"
Hackerrank,,"Easy, Medium"
"Monahan, Haley and Smith",,"Hard, Medium"
Morar LLC,,"Easy, Medium"
Osinski Group,,Hard
Reichert-O'Conner,,"Easy, Medium, Hard"
Leetcode,,"Hard, Medium"
"Rolfson, Bernier and Adams",,Easy
Rolfson-Luettgen,,Easy
Russel and Sons,,Easy
Ryan Group,,Hard
Codeninja,,Medium
Schamberger Group,,Easy
Schuster-Lakin,,Hard
Sipes-Adams,,"Easy, Medium"
Towne Group,,Medium
Codestudio,,Hard
Veum LLC,,Hard
"Weimann, Skiles and Little",,Easy
White and Sons,,Medium
Interviewbit,,"Easy, Medium, Hard"
