Hack_id,Hack_Type
1,Internal
2,"External, Internal"
3,"External, Internal"
4,External
5,"External, Internal"
6,Internal
7,External
8,External
9,Internal
10,External
11,External
12,Internal
13,External
14,Internal
15,"External, Internal"
16,External
17,Internal
18,Internal
19,"External, Internal"
20,External
21,Internal
22,"External, Internal"
23,"External, Internal"
24,External
25,Internal
26,"External, Internal"
27,Internal
28,"External, Internal"
29,"External, Internal"
30,Internal
31,Internal
32,External
33,External
34,Internal
35,"External, Internal"
36,"External, Internal"
37,Internal
38,Internal
39,"External, Internal"
40,Internal
41,Internal
42,External
43,Internal
44,External
45,Internal
